"algorithmisation.antennas.id_cellule","algorithmisation.antennas.nom_cellule","algorithmisation.antennas.bsc_rnc","algorithmisation.antennas.bts_nodeb","algorithmisation.antennas.region","algorithmisation.antennas.departement","algorithmisation.antennas.arrondissement","algorithmisation.antennas.commune","algorithmisation.antennas.quartier","algorithmisation.antennas.zone","algorithmisation.antennas.x","algorithmisation.antennas.y","algorithmisation.antennas.plaque","algorithmisation.antennas.zone_drv","algorithmisation.antennas.longitude","algorithmisation.antennas.latitude","algorithmisation.antennas.azimut","algorithmisation.antennas.zone_dvri"
"608-01-00706-09405","ABECOUTA_1","KAOLACK02","ABECOUTA","KD","Medina Yoro Foula","Niaming","Dinguiraye_Kd","Abecouta_1","Rural","541896","1473042","huawei_sud_est","Sud","-14,613147","13,324391","80","Kolda"
"608-01-00706-09406","ABECOUTA_2","KAOLACK02","ABECOUTA","KD","Medina Yoro Foula","Niaming","Dinguiraye_Kd","Abecouta_2","Rural","541896","1473042","huawei_sud_est","Sud","-14,613147","13,324391","200","Kolda"
"608-01-00706-09407","ABECOUTA_3","KAOLACK02","ABECOUTA","KD","Medina Yoro Foula","Niaming","Dinguiraye_Kd","Abecouta_3","Rural","541896","1473042","huawei_sud_est","Sud","-14,613147","13,324391","350","Kolda"
"608-01-00720-09411","ABENE_1","KAOLACK05","ABENE","ZG","Bignona","Kataba I","Kafountine","Abene_1","Rural","313362","1437183","huawei_sud_ouest","Sud","-16,720826","12,994727","80","Ziguinchor"
"608-01-00720-09412","ABENE_2","KAOLACK05","ABENE","ZG","Bignona","Kataba I","Kafountine","Abene_2","Rural","313362","1437183","huawei_sud_ouest","Sud","-16,720826","12,994727","190","Ziguinchor"
"608-01-00720-09413","ABENE_3","KAOLACK05","ABENE","ZG","Bignona","Kataba I","Kafountine","Abene_3","Rural","313362","1437183","huawei_sud_ouest","Sud","-16,720826","12,994727","350","Ziguinchor"
"608-01-00720-10062","ABENE_D-1","KAOLACK05","ABENE","ZG","Bignona","Kataba I","Kafountine","Abene_D-1","Rural","313362","1437183","huawei_sud_ouest","Sud","-16,7208256","12,99472727","350","Ziguinchor"
"608-01-00720-10063","ABENE_D-2","KAOLACK05","ABENE","ZG","Bignona","Kataba I","Kafountine","Abene_D-2","Rural","313362","1437183","huawei_sud_ouest","Sud","-16,7208256","12,99472727","80","Ziguinchor"
"608-01-00720-10064","ABENE_D-3","KAOLACK05","ABENE","ZG","Bignona","Kataba I","Kafountine","Abene_D-3","Rural","313362","1437183","huawei_sud_ouest","Sud","-16,7208256","12,99472727","190","Ziguinchor"
"608-01-09022-41454","ABENE_h1","KAOLACK05","ABENE","ZG","Bignona","Kataba I","Kafountine","Abene_H1","Rural","313362","1437183","huawei_sud_ouest","Sud","-16,720826","12,994727","80","Ziguinchor"
"608-01-09022-41455","ABENE_h2","KAOLACK05","ABENE","ZG","Bignona","Kataba I","Kafountine","Abene_H2","Rural","313362","1437183","huawei_sud_ouest","Sud","-16,720826","12,994727","190","Ziguinchor"
"608-01-09022-41456","ABENE_h3","KAOLACK05","ABENE","ZG","Bignona","Kataba I","Kafountine","Abene_H3","Rural","313362","1437183","huawei_sud_ouest","Sud","-16,720826","12,994727","350","Ziguinchor"
"608-01-09022-41457","ABENE_h4","KAOLACK05","ABENE","ZG","Bignona","Kataba I","Kafountine","Abene_H4","Rural","313362","1437183","huawei_sud_ouest","Sud","-16,720826","12,994727","80","Ziguinchor"
"608-01-09022-41458","ABENE_h5","KAOLACK05","ABENE","ZG","Bignona","Kataba I","Kafountine","Abene_H5","Rural","313362","1437183","huawei_sud_ouest","Sud","-16,720826","12,994727","190","Ziguinchor"
"608-01-09022-41459","ABENE_h6","KAOLACK05","ABENE","ZG","Bignona","Kataba I","Kafountine","Abene_H6","Rural","313362","1437183","huawei_sud_ouest","Sud","-16,720826","12,994727","350","Ziguinchor"
"608-01-09005-52151","ABENE_R1","KAOLACK05","ABENE","ZG","Bignona","Kataba I","Kafountine","Abene_R1","Rural","313362","1437183","huawei_sud_ouest","Sud","-16,720826","12,994727","80","Ziguinchor"
"608-01-09022-52151","ABENE_R1","KAOLACK05","ABENE","ZG","Bignona","Kataba I","Kafountine","Abene_R1","Rural","313362","1437183","huawei_sud_ouest","Sud","-16,720826","12,994727","80","Ziguinchor"
"608-01-09005-52152","ABENE_R2","KAOLACK05","ABENE","ZG","Bignona","Kataba I","Kafountine","Abene_R2","Rural","313362","1437183","huawei_sud_ouest","Sud","-16,720826","12,994727","190","Ziguinchor"
"608-01-09022-52152","ABENE_R2","KAOLACK05","ABENE","ZG","Bignona","Kataba I","Kafountine","Abene_R2","Rural","313362","1437183","huawei_sud_ouest","Sud","-16,720826","12,994727","190","Ziguinchor"
"608-01-09005-52153","ABENE_R3","KAOLACK05","ABENE","ZG","Bignona","Kataba I","Kafountine","Abene_R3","Rural","313362","1437183","huawei_sud_ouest","Sud","-16,7208256","12,99472727","190","Ziguinchor"
"608-01-09022-41451","ABENE_u1","KAOLACK05","ABENE","ZG","Bignona","Kataba I","Kafountine","Abene_U1","Rural","313362","1437183","huawei_sud_ouest","Sud","-16,720826","12,994727","80","Ziguinchor"
"608-01-09022-41452","ABENE_u2","KAOLACK05","ABENE","ZG","Bignona","Kataba I","Kafountine","Abene_U2","Rural","313362","1437183","huawei_sud_ouest","Sud","-16,720826","12,994727","190","Ziguinchor"
"608-01-09022-41453","ABENE_u3","KAOLACK05","ABENE","ZG","Bignona","Kataba I","Kafountine","Abene_U3","Rural","313362","1437183","huawei_sud_ouest","Sud","-16,720826","12,994727","350","Ziguinchor"
"608-01-00113-03856","ACAD_1","MEDINA8","ACAD","DK","Dakar","Dakar Plateau","Fann - Point E - Amitie","Acad_1","Urbain","234585","1626169","dakarz2","Dakar III","-17,464691","14,696157","50","ACAD"
"608-01-00113-20815","ACAD_1","MEDINA8","ACAD","DK","Dakar","Dakar Plateau","Fann - Point E - Amitie","Acad_1","Urbain","234585","1626169","dakarz2","Dakar III","-17,464691","14,696157","50","ACAD"
"608-01-00113-03857","ACAD_2","MEDINA8","ACAD","DK","Dakar","Dakar Plateau","Fann - Point E - Amitie","Acad_2","Urbain","234585","1626169","dakarz2","Dakar III","-17,464691","14,696157","170","ACAD"
"608-01-00113-20816","ACAD_2","MEDINA8","ACAD","DK","Dakar","Dakar Plateau","Fann - Point E - Amitie","Acad_2","Urbain","234585","1626169","dakarz2","Dakar III","-17,464691","14,696157","170","ACAD"
"608-01-00113-03858","ACAD_3","MEDINA8","ACAD","DK","Dakar","Dakar Plateau","Fann - Point E - Amitie","Acad_3","Urbain","234585","1626169","dakarz2","Dakar III","-17,464691","14,696157","290","ACAD"
"608-01-00113-20817","ACAD_3","MEDINA8","ACAD","DK","Dakar","Dakar Plateau","Fann - Point E - Amitie","Acad_3","Urbain","234585","1626169","dakarz2","Dakar III","-17,464691","14,696157","290","ACAD"
"608-01-00113-03859","ACAD_D1","MEDINA8","ACAD","DK","Dakar","Dakar Plateau","Fann - Point E - Amitie","Acad_D1","Urbain","234585","1626169","dakarz2","Dakar III","-17,464691","14,696157","50","ACAD"
"608-01-00113-20818","ACAD_D1","MEDINA8","ACAD","DK","Dakar","Dakar Plateau","Fann - Point E - Amitie","Acad_D1","Urbain","234585","1626169","dakarz2","Dakar III","-17,464691","14,696157","50","ACAD"
"608-01-00113-03860","ACAD_D2","MEDINA8","ACAD","DK","Dakar","Dakar Plateau","Fann - Point E - Amitie","Acad_D2","Urbain","234585","1626169","dakarz2","Dakar III","-17,464691","14,696157","170","ACAD"
"608-01-00113-20819","ACAD_D2","MEDINA8","ACAD","DK","Dakar","Dakar Plateau","Fann - Point E - Amitie","Acad_D2","Urbain","234585","1626169","dakarz2","Dakar III","-17,464691","14,696157","170","ACAD"
"608-01-00113-03861","ACAD_D3","MEDINA8","ACAD","DK","Dakar","Dakar Plateau","Fann - Point E - Amitie","Acad_D3","Urbain","234585","1626169","dakarz2","Dakar III","-17,464691","14,696157","290","ACAD"
"608-01-00113-20820","ACAD_D3","MEDINA8","ACAD","DK","Dakar","Dakar Plateau","Fann - Point E - Amitie","Acad_D3","Urbain","234585","1626169","dakarz2","Dakar III","-17,464691","14,696157","290","ACAD"
"608-01-09002-01134","ACAD_h1","MEDINA8","ACAD","DK","Dakar","Dakar Plateau","Fann - Point E - Amitie","Acad_H1","Urbain","234585","1626169","dakarz2","Dakar III","-17,464691","14,696157","50","ACAD"
"608-01-09008-01134","ACAD_h1","RNC_MED","ACAD","DK","Dakar","Dakar Plateau","Fann - Point E - Amitie","Acad_H1","Urbain","234585","1626169","dakarz2","Dakar III","-17,464691","14,696157","50","ACAD"
"608-01-09002-01135","ACAD_h2","RNC_MED","ACAD","DK","Dakar","Dakar Plateau","Fann - Point E - Amitie","Acad_H2","Urbain","234585","1626169","dakarz2","Dakar III","-17,464691","14,696157","170","ACAD"
"608-01-09008-01135","ACAD_h2","RNC_MED","ACAD","DK","Dakar","Dakar Plateau","Fann - Point E - Amitie","Acad_H2","Urbain","234585","1626169","dakarz2","Dakar III","-17,464691","14,696157","170","ACAD"
"608-01-09002-01136","ACAD_h3","RNC_MED","ACAD","DK","Dakar","Dakar Plateau","Fann - Point E - Amitie","Acad_H3","Urbain","234585","1626169","dakarz2","Dakar III","-17,464691","14,696157","290","ACAD"
"608-01-09008-01136","ACAD_h3","RNC_MED","ACAD","DK","Dakar","Dakar Plateau","Fann - Point E - Amitie","Acad_H3","Urbain","234585","1626169","dakarz2","Dakar III","-17,464691","14,696157","290","ACAD"
"608-01-09002-01137","ACAD_h4","RNC_MED","ACAD","DK","Dakar","Dakar Plateau","Fann - Point E - Amitie","Acad_H4","Urbain","234585","1626169","dakarz2","Dakar III","-17,464691","14,696157","50","ACAD"
"608-01-09008-01137","ACAD_h4","RNC_MED","ACAD","DK","Dakar","Dakar Plateau","Fann - Point E - Amitie","Acad_H4","Urbain","234585","1626169","dakarz2","Dakar III","-17,464691","14,696157","50","ACAD"
"608-01-09002-01138","ACAD_h5","RNC_MED","ACAD","DK","Dakar","Dakar Plateau","Fann - Point E - Amitie","Acad_H5","Urbain","234585","1626169","dakarz2","Dakar III","-17,464691","14,696157","170","ACAD"
"608-01-09008-01138","ACAD_h5","RNC_MED","ACAD","DK","Dakar","Dakar Plateau","Fann - Point E - Amitie","Acad_H5","Urbain","234585","1626169","dakarz2","Dakar III","-17,464691","14,696157","170","ACAD"
"608-01-09002-01139","ACAD_h6","RNC_MED","ACAD","DK","Dakar","Dakar Plateau","Fann - Point E - Amitie","Acad_H6","Urbain","234585","1626169","dakarz2","Dakar III","-17,464691","14,696157","290","ACAD"
"608-01-09008-01139","ACAD_h6","RNC_MED","ACAD","DK","Dakar","Dakar Plateau","Fann - Point E - Amitie","Acad_H6","Urbain","234585","1626169","dakarz2","Dakar III","-17,464691","14,696157","290","ACAD"
"608-01-09008-19731","ACAD_R1","RNC_MED","ACAD","DK","Dakar","Dakar Plateau","Fann - Point E - Amitie","Acad_R1","Urbain","234585","1626169","dakarz2","Dakar III","-17,464691","14,696157","50","ACAD"
"608-01-09002-19732","ACAD_R2","RNC_MED","ACAD","DK","Dakar","Dakar Plateau","Fann - Point E - Amitie","Acad_R2","Urbain","234585","1626169","dakarz2","Dakar III","-17,464691","14,696157","170","ACAD"
"608-01-09008-19732","ACAD_R2","RNC_MED","ACAD","DK","Dakar","Dakar Plateau","Fann - Point E - Amitie","Acad_R2","Urbain","234585","1626169","dakarz2","Dakar III","-17,464691","14,696157","170","ACAD"
"608-01-09008-19733","ACAD_R3","RNC_MED","ACAD","DK","Dakar","Dakar Plateau","Fann - Point E - Amitie","Acad_R3","Urbain","234585","1626169","dakarz2","Dakar III","-17,464691","14,696157","290","ACAD"
"608-01-09002-01131","ACAD_u1","RNC_MED","ACAD","DK","Dakar","Dakar Plateau","Fann - Point E - Amitie","Acad_U1","Urbain","234585","1626169","dakarz2","Dakar III","-17,464691","14,696157","50","ACAD"
"608-01-09008-01131","ACAD_u1","RNC_MED","ACAD","DK","Dakar","Dakar Plateau","Fann - Point E - Amitie","Acad_U1","Urbain","234585","1626169","dakarz2","Dakar III","-17,464691","14,696157","50","ACAD"
"608-01-09002-01132","ACAD_u2","RNC_MED","ACAD","DK","Dakar","Dakar Plateau","Fann - Point E - Amitie","Acad_U2","Urbain","234585","1626169","dakarz2","Dakar III","-17,464691","14,696157","170","ACAD"
"608-01-09008-01132","ACAD_u2","RNC_MED","ACAD","DK","Dakar","Dakar Plateau","Fann - Point E - Amitie","Acad_U2","Urbain","234585","1626169","dakarz2","Dakar III","-17,464691","14,696157","170","ACAD"
"608-01-09002-01133","ACAD_u3","RNC_MED","ACAD","DK","Dakar","Dakar Plateau","Fann - Point E - Amitie","Acad_U3","Urbain","234585","1626169","dakarz2","Dakar III","-17,464691","14,696157","290","ACAD"
"608-01-09008-01133","ACAD_u3","RNC_MED","ACAD","DK","Dakar","Dakar Plateau","Fann - Point E - Amitie","Acad_U3","Urbain","234585","1626169","dakarz2","Dakar III","-17,464691","14,696157","290","ACAD"
"608-01-00407-09070","ADABERE_1","ST-LOUIS6","ADABERE","MT","Kanel","Orkadiere","Bokiladji","Adabere_1","Rural","738908","1674525","nord","Nord","-12,776833","15,135512","120","Matam - Ourossogui"
"608-01-09008-09071","ADABERE_1","ST-LOUIS6","ADABERE","MT","Kanel","Orkadiere","Bokiladji","Adabere_1","Rural","738908","1674525","nord","Nord","-12,776833","15,135512","120","Matam - Ourossogui"
"608-01-00407-09071","ADABERE_2","ST-LOUIS6","ADABERE","MT","Kanel","Orkadiere","Bokiladji","Adabere_2","Rural","738908","1674525","nord","Nord","-12,776833","15,135512","210","Matam - Ourossogui"
"608-01-09008-09072","ADABERE_2","ST-LOUIS6","ADABERE","MT","Kanel","Orkadiere","Bokiladji","Adabere_2","Rural","738908","1674525","nord","Nord","-12,776833","15,135512","210","Matam - Ourossogui"
"608-01-00407-09072","ADABERE_3","ST-LOUIS6","ADABERE","MT","Kanel","Orkadiere","Bokiladji","Adabere_3","Rural","738908","1674525","nord","Nord","-12,776833","15,135512","320","Matam - Ourossogui"
"608-01-09008-09073","ADABERE_3","ST-LOUIS6","ADABERE","MT","Kanel","Orkadiere","Bokiladji","Adabere_3","Rural","738908","1674525","nord","Nord","-12,776833","15,135512","320","Matam - Ourossogui"
"608-01-00407-12021","ADABERE_D3","ST-LOUIS6","ADABERE","MT","Kanel","Orkadiere","Bokiladji","Adabere_D3","Rural","738908","1674525","nord","Nord","-12,776833","15,135512","320","Matam - Ourossogui"
"608-01-09007-52971","ADABERE_R1","ST-LOUIS6","ADABERE","MT","Kanel","Orkadiere","Bokiladji","Adabere_R1","Rural","738908","1674525","nord","Nord","-12,776833","15,135512","120","Matam - Ourossogui"
"608-01-09007-52972","ADABERE_R2","RNC_SL","ADABERE","MT","Kanel","Orkadiere","Bokiladji","Adabere_R2","Rural","246832","1631209","nord","Nord","-12,776833","15,135512","210","Matam - Ourossogui"
"608-01-09007-52973","ADABERE_R3","RNC_SL","ADABERE","MT","Kanel","Orkadiere","Bokiladji","Adabere_R3","Rural","246832","1631209","nord","Nord","-12,776833","15,135512","320","Matam - Ourossogui"
"608-01-00715-09670","ADEANE_1","KAOLACK05","ADEANE","ZG","Ziguinchor","Niaguis","Adeane","Adeane_1","Rural","391237","1395249","huawei_sud_ouest","Sud","-16,001415","12,619347","105","Ziguinchor"
"608-01-00715-09671","ADEANE_2","KAOLACK05","ADEANE","ZG","Ziguinchor","Niaguis","Adeane","Adeane_2","Rural","391237","1395249","huawei_sud_ouest","Sud","-16,001415","12,619347","210","Ziguinchor"
"608-01-00715-09672","ADEANE_3","KAOLACK05","ADEANE","ZG","Ziguinchor","Niaguis","Adeane","Adeane_3","Rural","391237","1395249","huawei_sud_ouest","Sud","-16,001415","12,619347","300","Ziguinchor"
"608-01-00411-03409","AERE_LAO_1","ST-LOUIS04_BIS","AERE_LAO","SL","Podor","Cas-Cas","Doumga Lao","Aere_Lao_1","Rural","571788","1813653","nord","Nord","-14,32768","16,403183","50","Podor"
"608-01-00411-03410","AERE_LAO_2","ST-LOUIS04_BIS","AERE_LAO","SL","Podor","Cas-Cas","Doumga Lao","Aere_Lao_2","Rural","571788","1813653","nord","Nord","-14,32768","16,403183","170","Podor"
"608-01-00411-03411","AERE_LAO_3","ST-LOUIS04_BIS","AERE_LAO","SL","Podor","Cas-Cas","Doumga Lao","Aere_Lao_3","Rural","571788","1813653","nord","Nord","-14,32768","16,403183","280","Podor"
"608-01-09007-50371","AERE_LAO_R1","ST-LOUIS04_BIS","AERE_LAO","SL","Podor","Cas-Cas","Doumga Lao","Aere_Lao_R1","Rural","571788","1813653","nord","Nord","-14,32768","16,403183","50","Podor"
"608-01-09007-50372","AERE_LAO_R1","ST-LOUIS04_BIS","AERE_LAO","SL","Podor","Cas-Cas","Doumga Lao","Aere_Lao_R1","Rural","571788","1813653","nord","Nord","-14,32768","16,403183","50","Podor"
"608-01-09007-50373","AERE_LAO_R1","ST-LOUIS04_BIS","AERE_LAO","SL","Podor","Cas-Cas","Doumga Lao","Aere_Lao_R1","Rural","571788","1813653","nord","Nord","-14,32768","16,403183","50","Podor"
"608-01-00411-03596","AERE_LAO_S1","ST-LOUIS04_BIS","AERE_LAO","SL","Podor","Cas-Cas","Doumga Lao","Aere_Lao_S1","Rural","571788","1813653","nord","Nord","-14,32768","16,403183","50","Podor"
"608-01-00411-03597","AERE_LAO_S2","ST-LOUIS04_BIS","AERE_LAO","SL","Podor","Cas-Cas","Doumga Lao","Aere_Lao_S2","Rural","571788","1813653","nord","Nord","-14,32768","16,403183","170","Podor"
"608-01-00411-03598","AERE_LAO_S3","ST-LOUIS04_BIS","AERE_LAO","SL","Podor","Cas-Cas","Doumga Lao","Aere_Lao_S3","Rural","571788","1813653","nord","Nord","-14,32768","16,403183","280","Podor"
"608-01-00220-09200","AFFE_1","DIOURBEL7","AFFE","LG","Linguere","Sagatta Djolof","Sagatta Diolof","Affe_1","Rural","454056","1672711","nord","Nord","-15,427612","15,129653","60","Lingu�re"
"608-01-00220-09201","AFFE_2","DIOURBEL7","AFFE","LG","Linguere","Sagatta Djolof","Sagatta Diolof","Affe_2","Rural","454056","1672711","nord","Nord","-15,427612","15,129653","200","Lingu�re"
"608-01-00220-09202","AFFE_3","DIOURBEL7","AFFE","LG","Linguere","Sagatta Djolof","Sagatta Diolof","Affe_3","Rural","454056","1672711","nord","Nord","-15,427612","15,129653","310","Lingu�re"
"608-01-00220-03187","AFFE_D2","DIOURBEL7","AFFE","LG","Linguere","Sagatta Djolof","Sagatta Diolof","Affe_D2","Rural","454056","1672711","nord","Nord","-15,4276117","15,12965281","310","Lingu�re"
"608-01-00220-03188","AFFE_D3","DIOURBEL7","AFFE","LG","Linguere","Sagatta Djolof","Sagatta Diolof","Affe_D3","Rural","454056","1672711","nord","Nord","-15,4276117","15,12965281","200","Lingu�re"
"608-01-00720-09064","AFFINIAM_1","KAOLACK05","AFFINIAM","ZG","Bignona","Tendouck","Mangagoulack","Affiniam_1","Rural","352703","1399366","huawei_sud_ouest","Sud","-16,356346","12,655","20","Ziguinchor"
"608-01-00720-09065","AFFINIAM_2","KAOLACK05","AFFINIAM","ZG","Bignona","Tendouck","Mangagoulack","Affiniam_2","Rural","352703","1399366","huawei_sud_ouest","Sud","-16,356346","12,655","120","Ziguinchor"
"608-01-00720-09066","AFFINIAM_3","KAOLACK05","AFFINIAM","ZG","Bignona","Tendouck","Mangagoulack","Affiniam_3","Rural","352703","1399366","huawei_sud_ouest","Sud","-16,356346","12,655","260","Ziguinchor"
"608-01-00720-26065","AFFINIAM_D1","KAOLACK05","AFFINIAM","ZG","Bignona","Tendouck","Mangagoulack","Affiniam_D1","Rural","352703","1399366","huawei_sud_ouest","Sud","-16,356346","12,655","20","Ziguinchor"
"608-01-00720-26066","AFFINIAM_D3","KAOLACK05","AFFINIAM","ZG","Bignona","Tendouck","Mangagoulack","Affiniam_D3","Rural","352703","1399366","huawei_sud_ouest","Sud","-16,356346","12,655","260","Ziguinchor"
"608-01-00705-05686","AFIA_MBEMBA_1","KAOLACK02","AFIA_MBEMBA","KD","Velingara","Bonconto","Linkering","Afia_Mbemba_1","Rural","647093","1428832","huawei_sud_est","Sud","-13,644111","12,921392","340","Kolda"
"608-01-00707-05686","AFIA_MBEMBA_1","KAOLACK02","AFIA_MBEMBA","KD","Velingara","Bonconto","Linkering","Afia_Mbemba_1","Rural","647093","1428832","huawei_sud_est","Sud","-13,644111","12,921392","340","Kolda"
"608-01-09005-51931","AFIA_MBEMBA_R1","KAOLACK02","AFIA_MBEMBA","KD","Velingara","Bonconto","Linkering","Afia_Mbemba_R1","Rural","647093","1428832","huawei_sud_est","Sud","-13,644111","12,921392","340","Kolda"
"608-01-00204-05754","AGA_NDIMACK_1","KAOLACK01","AGA_NDIMACK","TH","Mbour","Sessene","Ngueniene","Aga_Ndimack_1","Rural","299986","1568529","ouest","Centre","-16,741214","14,352997","20","Mbour"
"608-01-00408-11662","AGNAM_THIODAYE_1","ST-LOUIS","AGNAM_THIODAYE","MT","Matam","Agnam Civol","Agnam Civol","Agnam_Thiodaye_1","Rural","642618","1769161","nord","Nord","-13,667133","15,997906","120","Matam - Ourossogui"
"608-01-00411-11662","AGNAM_THIODAYE_1","ST-LOUIS","AGNAM_THIODAYE","MT","Matam","Agnam Civol","Agnam Civol","Agnam_Thiodaye_1","Rural","642618","1769161","nord","Nord","-13,667133","15,997906","120","Matam - Ourossogui"
"608-01-00408-11663","AGNAM_THIODAYE_2","ST-LOUIS","AGNAM_THIODAYE","MT","Matam","Agnam Civol","Agnam Civol","Agnam_Thiodaye_2","Rural","642618","1769161","nord","Nord","-13,667133","15,997906","200","Matam - Ourossogui"
"608-01-00411-11663","AGNAM_THIODAYE_2","ST-LOUIS","AGNAM_THIODAYE","MT","Matam","Agnam Civol","Agnam Civol","Agnam_Thiodaye_2","Rural","642618","1769161","nord","Nord","-13,667133","15,997906","200","Matam - Ourossogui"
"608-01-00408-11664","AGNAM_THIODAYE_3","ST-LOUIS","AGNAM_THIODAYE","MT","Matam","Agnam Civol","Agnam Civol","Agnam_Thiodaye_3","Rural","642618","1769161","nord","Nord","-13,667133","15,997906","300","Matam - Ourossogui"
"608-01-00411-11664","AGNAM_THIODAYE_3","ST-LOUIS","AGNAM_THIODAYE","MT","Matam","Agnam Civol","Agnam Civol","Agnam_Thiodaye_3","Rural","642618","1769161","nord","Nord","-13,667133","15,997906","300","Matam - Ourossogui"
"608-01-00408-11692","AGNAM_THIODAYE_D1","ST-LOUIS","AGNAM_THIODAYE","MT","Matam","Agnam Civol","Agnam Civol","Agnam_Thiodaye_D1","Rural","642618","1769161","nord","Nord","-13,667133","15,997906","120","Matam - Ourossogui"
"608-01-00411-11692","AGNAM_THIODAYE_D1","ST-LOUIS","AGNAM_THIODAYE","MT","Matam","Agnam Civol","Agnam Civol","Agnam_Thiodaye_D1","Rural","642618","1769161","nord","Nord","-13,667133","15,997906","120","Matam - Ourossogui"
"608-01-00408-11693","AGNAM_THIODAYE_D2","ST-LOUIS","AGNAM_THIODAYE","MT","Matam","Agnam Civol","Agnam Civol","Agnam_Thiodaye_D2","Rural","642618","1769161","nord","Nord","-13,667133","15,997906","200","Matam - Ourossogui"
"608-01-00411-11693","AGNAM_THIODAYE_D2","ST-LOUIS","AGNAM_THIODAYE","MT","Matam","Agnam Civol","Agnam Civol","Agnam_Thiodaye_D2","Rural","642618","1769161","nord","Nord","-13,667133","15,997906","200","Matam - Ourossogui"
"608-01-00408-11694","AGNAM_THIODAYE_D3","ST-LOUIS","AGNAM_THIODAYE","MT","Matam","Agnam Civol","Agnam Civol","Agnam_Thiodaye_D3","Rural","642618","1769161","nord","Nord","-13,667133","15,997906","300","Matam - Ourossogui"
"608-01-00411-11694","AGNAM_THIODAYE_D3","ST-LOUIS","AGNAM_THIODAYE","MT","Matam","Agnam Civol","Agnam Civol","Agnam_Thiodaye_D3","Rural","642618","1769161","nord","Nord","-13,667133","15,997906","300","Matam - Ourossogui"
"608-01-09007-50381","AGNAM_THIODAYE_R1","ST-LOUIS","AGNAM_THIODAYE","MT","Matam","Agnam Civol","Agnam Civol","Agnam_Thiodaye_R1","Rural","642618","1769161","nord","Nord","-13,667133","15,997906","120","Matam - Ourossogui"
"608-01-09007-50382","AGNAM_THIODAYE_R1","ST-LOUIS","AGNAM_THIODAYE","MT","Matam","Agnam Civol","Agnam Civol","Agnam_Thiodaye_R1","Rural","642618","1769161","nord","Nord","-13,667133","15,997906","120","Matam - Ourossogui"
"608-01-09007-50383","AGNAM_THIODAYE_R1","ST-LOUIS","AGNAM_THIODAYE","MT","Matam","Agnam Civol","Agnam Civol","Agnam_Thiodaye_R1","Rural","642618","1769161","nord","Nord","-13,667133","15,997906","120","Matam - Ourossogui"
"608-01-09024-26744","AIBD02_h1","RNC_TH","AIBD02","TH","Thies","Keur Moussa","Keur Moussa","Aibd02_H1","Rural","277301","1626017","petite_cote","Centre","-17,068212","14,698659","85","Thies - Tivaouane"
"608-01-09024-26745","AIBD02_h2","RNC_TH","AIBD02","TH","Thies","Keur Moussa","Keur Moussa","Aibd02_H2","Rural","277301","1626017","petite_cote","Centre","-17,068212","14,698659","190","Thies - Tivaouane"
"608-01-09024-26746","AIBD02_h3","RNC_TH","AIBD02","TH","Thies","Keur Moussa","Keur Moussa","Aibd02_H3","Rural","277301","1626017","petite_cote","Centre","-17,068212","14,698659","320","Thies - Tivaouane"
"608-01-09024-26747","AIBD02_h4","RNC_TH","AIBD02","TH","Thies","Keur Moussa","Keur Moussa","Aibd02_H4","Rural","277301","1626017","petite_cote","Centre","-17,068212","14,698659","85","Thies - Tivaouane"
"608-01-09024-26748","AIBD02_h5","RNC_TH","AIBD02","TH","Thies","Keur Moussa","Keur Moussa","Aibd02_H5","Rural","277301","1626017","petite_cote","Centre","-17,068212","14,698659","190","Thies - Tivaouane"
"608-01-09024-26749","AIBD02_h6","RNC_TH","AIBD02","TH","Thies","Keur Moussa","Keur Moussa","Aibd02_H6","Rural","277301","1626017","petite_cote","Centre","-17,068212","14,698659","320","Thies - Tivaouane"
"608-01-09024-26741","AIBD02_u1","RNC_TH","AIBD02","TH","Thies","Keur Moussa","Keur Moussa","Aibd02_U1","Rural","277301","1626017","petite_cote","Centre","-17,068212","14,698659","85","Thies - Tivaouane"
"608-01-09024-26742","AIBD02_u2","RNC_TH","AIBD02","TH","Thies","Keur Moussa","Keur Moussa","Aibd02_U2","Rural","277301","1626017","petite_cote","Centre","-17,068212","14,698659","190","Thies - Tivaouane"
"608-01-09024-26743","AIBD02_u3","RNC_TH","AIBD02","TH","Thies","Keur Moussa","Keur Moussa","Aibd02_U3","Rural","277301","1626017","petite_cote","Centre","-17,068212","14,698659","320","Thies - Tivaouane"
"608-01-00707-22724","AINE_MODY_YORO_1","KAOLACK02","AINE_MODY_YORO","KD","Kolda","Mampatim","Medina Cherif","Aine_Mody_Yoro_1","Rural","579353","1428621","huawei_sud_est","Sud","-14,268486","12,921979","85","Kolda"
"608-01-00707-22725","AINE_MODY_YORO_2","KAOLACK02","AINE_MODY_YORO","KD","Kolda","Mampatim","Medina Cherif","Aine_Mody_Yoro_2","Rural","579353","1428621","huawei_sud_est","Sud","-14,268486","12,921979","85","Kolda"
"608-01-00707-22726","AINE_MODY_YORO_3","KAOLACK02","AINE_MODY_YORO","KD","Kolda","Mampatim","Medina Cherif","Aine_Mody_Yoro_3","Rural","579353","1428621","huawei_sud_est","Sud","-14,268486","12,921979","170","Kolda"
"608-01-00710-11018","AINOUMANE_1","KAOLACK03","AINOUMANE","KF","Maleme Hodar","Sagna","Sagna","Ainoumane_1","Rural","459746","1559651","huawei_centre","Est","-15,372926","14,107534","30","Kaffrine"
"608-01-00710-11019","AINOUMANE_2","KAOLACK03","AINOUMANE","KF","Maleme Hodar","Sagna","Sagna","Ainoumane_2","Rural","459746","1559651","huawei_centre","Est","-15,372926","14,107534","130","Kaffrine"
"608-01-00710-11020","AINOUMANE_3","KAOLACK03","AINOUMANE","KF","Maleme Hodar","Sagna","Sagna","Ainoumane_3","Rural","459746","1559651","huawei_centre","Est","-15,372926","14,107534","240","Kaffrine"
"608-01-00710-05699","AINOUMANE_FASS_1","KAOLACK03","AINOUMANE_FASS","KF","Maleme Hodar","Sagna","Sagna","Ainoumane_Fass_1","Rural","459746","1559651","huawei_centre","Est","-15,133379","13,962409","60","Kaffrine"
"608-01-00231-05710","ALKOULY_TERRES_NEUVES_1","DIOURBEL2","ALKOULY_TERRES_NEUVES","KF","Kaffrine","Gniby","Boulel Goumack","Alkouly_Terres_Neuves_1","Rural","428231","1578975","ouest","Est","-15,66539","14,281618","170","Kaffrine"
"608-01-00305-05710","ALKOULY_TERRES_NEUVES_1","DIOURBEL2","ALKOULY_TERRES_NEUVES","KF","Kaffrine","Gniby","Boulel Goumack","Alkouly_Terres_Neuves_1","Rural","428231","1578975","ouest","Est","-15,66539","14,281618","170","Kaffrine"
"608-01-00116-01190","ALMADIES02_1","DAKAR_RP12","ALMADIES02","DK","Dakar","Almadies","Ngor","Almadies02_1","Urbain","229828","1630262","dakarz2","Dakar III","-17,509259","14,732655","70","Ouakam-Ngor-Yoff"
"608-01-00116-20821","ALMADIES02_1","DAKAR_RP12","ALMADIES02","DK","Dakar","Almadies","Ngor","Almadies02_1","Urbain","229828","1630262","dakarz2","Dakar III","-17,509259","14,732655","70","Ouakam-Ngor-Yoff"
"608-01-00116-01191","ALMADIES02_2","DAKAR_RP12","ALMADIES02","DK","Dakar","Almadies","Ngor","Almadies02_2","Urbain","229828","1630262","dakarz2","Dakar III","-17,509259","14,732655","160","Ouakam-Ngor-Yoff"
"608-01-00116-20822","ALMADIES02_2","DAKAR_RP12","ALMADIES02","DK","Dakar","Almadies","Ngor","Almadies02_2","Urbain","229828","1630262","dakarz2","Dakar III","-17,509259","14,732655","160","Ouakam-Ngor-Yoff"
"608-01-00116-01192","ALMADIES02_3","DAKAR_RP12","ALMADIES02","DK","Dakar","Almadies","Ngor","Almadies02_3","Urbain","229828","1630262","dakarz2","Dakar III","-17,509259","14,732655","310","Ouakam-Ngor-Yoff"
"608-01-00116-20823","ALMADIES02_3","DAKAR_RP12","ALMADIES02","DK","Dakar","Almadies","Ngor","Almadies02_3","Urbain","229828","1630262","dakarz2","Dakar III","-17,509259","14,732655","310","Ouakam-Ngor-Yoff"
"608-01-00116-01612","ALMADIES02_D1","DAKAR_RP12","ALMADIES02","DK","Dakar","Almadies","Ngor","Almadies02_D1","Urbain","229828","1630262","dakarz2","Dakar III","-17,509259","14,732655","70","Ouakam-Ngor-Yoff"
"608-01-00116-20824","ALMADIES02_D1","DAKAR_RP12","ALMADIES02","DK","Dakar","Almadies","Ngor","Almadies02_D1","Urbain","229828","1630262","dakarz2","Dakar III","-17,509259","14,732655","70","Ouakam-Ngor-Yoff"
"608-01-00116-01613","ALMADIES02_D2","DAKAR_RP12","ALMADIES02","DK","Dakar","Almadies","Ngor","Almadies02_D2","Urbain","229828","1630262","dakarz2","Dakar III","-17,509259","14,732655","160","Ouakam-Ngor-Yoff"
"608-01-00116-20825","ALMADIES02_D2","DAKAR_RP12","ALMADIES02","DK","Dakar","Almadies","Ngor","Almadies02_D2","Urbain","229828","1630262","dakarz2","Dakar III","-17,509259","14,732655","160","Ouakam-Ngor-Yoff"
"608-01-00116-01614","ALMADIES02_D3","DAKAR_RP12","ALMADIES02","DK","Dakar","Almadies","Ngor","Almadies02_D3","Urbain","229828","1630262","dakarz2","Dakar III","-17,509259","14,732655","310","Ouakam-Ngor-Yoff"
"608-01-00116-20826","ALMADIES02_D3","DAKAR_RP12","ALMADIES02","DK","Dakar","Almadies","Ngor","Almadies02_D3","Urbain","229828","1630262","dakarz2","Dakar III","-17,509259","14,732655","310","Ouakam-Ngor-Yoff"
"608-01-09001-00194","ALMADIES02_h1","DAKAR_RP12","ALMADIES02","DK","Dakar","Almadies","Ngor","Almadies02_H1","Urbain","229828","1630262","dakarz2","Dakar III","-17,509259","14,732655","70","Ouakam-Ngor-Yoff"
"608-01-09002-00194","ALMADIES02_h1","RNC_RP","ALMADIES02","DK","Dakar","Almadies","Ngor","Almadies02_H1","Urbain","229828","1630262","dakarz2","Dakar III","-17,509259","14,732655","70","Ouakam-Ngor-Yoff"
"608-01-09008-00194","ALMADIES02_h1","RNC_RP","ALMADIES02","DK","Dakar","Almadies","Ngor","Almadies02_H1","Urbain","229828","1630262","dakarz2","Dakar III","-17,509259","14,732655","70","Ouakam-Ngor-Yoff"
"608-01-09017-00194","ALMADIES02_h1","RNC_RP","ALMADIES02","DK","Dakar","Almadies","Ngor","Almadies02_H1","Urbain","229828","1630262","dakarz2","Dakar III","-17,509259","14,732655","70","Ouakam-Ngor-Yoff"
"608-01-09001-00195","ALMADIES02_h2","RNC_RP","ALMADIES02","DK","Dakar","Almadies","Ngor","Almadies02_H2","Urbain","229828","1630262","dakarz2","Dakar III","-17,509259","14,732655","160","Ouakam-Ngor-Yoff"
"608-01-09002-00195","ALMADIES02_h2","RNC_RP","ALMADIES02","DK","Dakar","Almadies","Ngor","Almadies02_H2","Urbain","229828","1630262","dakarz2","Dakar III","-17,509259","14,732655","160","Ouakam-Ngor-Yoff"
"608-01-09008-00195","ALMADIES02_h2","RNC_RP","ALMADIES02","DK","Dakar","Almadies","Ngor","Almadies02_H2","Urbain","229828","1630262","dakarz2","Dakar III","-17,509259","14,732655","160","Ouakam-Ngor-Yoff"
"608-01-09017-00195","ALMADIES02_h2","RNC_RP","ALMADIES02","DK","Dakar","Almadies","Ngor","Almadies02_H2","Urbain","229828","1630262","dakarz2","Dakar III","-17,509259","14,732655","160","Ouakam-Ngor-Yoff"
"608-01-09001-00196","ALMADIES02_h3","RNC_RP","ALMADIES02","DK","Dakar","Almadies","Ngor","Almadies02_H3","Urbain","229828","1630262","dakarz2","Dakar III","-17,509259","14,732655","310","Ouakam-Ngor-Yoff"
"608-01-09002-00196","ALMADIES02_h3","RNC_RP","ALMADIES02","DK","Dakar","Almadies","Ngor","Almadies02_H3","Urbain","229828","1630262","dakarz2","Dakar III","-17,509259","14,732655","310","Ouakam-Ngor-Yoff"
"608-01-09008-00196","ALMADIES02_h3","RNC_RP","ALMADIES02","DK","Dakar","Almadies","Ngor","Almadies02_H3","Urbain","229828","1630262","dakarz2","Dakar III","-17,509259","14,732655","310","Ouakam-Ngor-Yoff"
"608-01-09017-00196","ALMADIES02_h3","RNC_RP","ALMADIES02","DK","Dakar","Almadies","Ngor","Almadies02_H3","Urbain","229828","1630262","dakarz2","Dakar III","-17,509259","14,732655","310","Ouakam-Ngor-Yoff"
"608-01-09008-00197","ALMADIES02_h4","RNC_RP","ALMADIES02","DK","Dakar","Almadies","Ngor","Almadies02_H4","Urbain","229828","1630262","dakarz2","Dakar III","-17,509259","14,732655","70","Ouakam-Ngor-Yoff"
"608-01-09017-00197","ALMADIES02_h4","RNC_RP","ALMADIES02","DK","Dakar","Almadies","Ngor","Almadies02_H4","Urbain","229828","1630262","dakarz2","Dakar III","-17,509259","14,732655","70","Ouakam-Ngor-Yoff"
"608-01-09008-00198","ALMADIES02_h5","RNC_RP","ALMADIES02","DK","Dakar","Almadies","Ngor","Almadies02_H5","Urbain","229828","1630262","dakarz2","Dakar III","-17,509259","14,732655","160","Ouakam-Ngor-Yoff"
"608-01-09017-00198","ALMADIES02_h5","RNC_RP","ALMADIES02","DK","Dakar","Almadies","Ngor","Almadies02_H5","Urbain","229828","1630262","dakarz2","Dakar III","-17,509259","14,732655","160","Ouakam-Ngor-Yoff"
"608-01-09008-00199","ALMADIES02_h6","RNC_RP","ALMADIES02","DK","Dakar","Almadies","Ngor","Almadies02_H6","Urbain","229828","1630262","dakarz2","Dakar III","-17,509259","14,732655","310","Ouakam-Ngor-Yoff"
"608-01-09017-00199","ALMADIES02_h6","RNC_RP","ALMADIES02","DK","Dakar","Almadies","Ngor","Almadies02_H6","Urbain","229828","1630262","dakarz2","Dakar III","-17,509259","14,732655","310","Ouakam-Ngor-Yoff"
"608-01-09017-31291","ALMADIES02_R1","RNC_RP","ALMADIES02","DK","Dakar","Almadies","Ngor","Almadies02_R1","Urbain","229828","1630262","dakarz2","Dakar III","-17,509259","14,732655","70","Ouakam-Ngor-Yoff"
"608-01-09017-31292","ALMADIES02_R2","RNC_RP","ALMADIES02","DK","Dakar","Almadies","Ngor","Almadies02_R2","Urbain","229828","1630262","dakarz2","Dakar III","-17,509259","14,732655","160","Ouakam-Ngor-Yoff"
"608-01-09017-31293","ALMADIES02_R3","RNC_RP","ALMADIES02","DK","Dakar","Almadies","Ngor","Almadies02_R3","Urbain","229828","1630262","dakarz2","Dakar III","-17,509259","14,732655","310","Ouakam-Ngor-Yoff"
"608-01-09001-00191","ALMADIES02_u1","RNC_RP","ALMADIES02","DK","Dakar","Almadies","Ngor","Almadies02_U1","Urbain","229828","1630262","dakarz2","Dakar III","-17,509259","14,732655","70","Ouakam-Ngor-Yoff"
"608-01-09008-00191","ALMADIES02_u1","RNC_RP","ALMADIES02","DK","Dakar","Almadies","Ngor","Almadies02_U1","Urbain","229828","1630262","dakarz2","Dakar III","-17,509259","14,732655","70","Ouakam-Ngor-Yoff"
"608-01-09017-00191","ALMADIES02_u1","RNC_RP","ALMADIES02","DK","Dakar","Almadies","Ngor","Almadies02_U1","Urbain","229828","1630262","dakarz2","Dakar III","-17,509259","14,732655","70","Ouakam-Ngor-Yoff"
"608-01-09001-00192","ALMADIES02_u2","RNC_RP","ALMADIES02","DK","Dakar","Almadies","Ngor","Almadies02_U2","Urbain","229828","1630262","dakarz2","Dakar III","-17,509259","14,732655","160","Ouakam-Ngor-Yoff"
"608-01-09008-00192","ALMADIES02_u2","RNC_RP","ALMADIES02","DK","Dakar","Almadies","Ngor","Almadies02_U2","Urbain","229828","1630262","dakarz2","Dakar III","-17,509259","14,732655","160","Ouakam-Ngor-Yoff"
"608-01-09017-00192","ALMADIES02_u2","RNC_RP","ALMADIES02","DK","Dakar","Almadies","Ngor","Almadies02_U2","Urbain","229828","1630262","dakarz2","Dakar III","-17,509259","14,732655","160","Ouakam-Ngor-Yoff"
"608-01-09001-00193","ALMADIES02_u3","RNC_RP","ALMADIES02","DK","Dakar","Almadies","Ngor","Almadies02_U3","Urbain","229828","1630262","dakarz2","Dakar III","-17,509259","14,732655","310","Ouakam-Ngor-Yoff"
"608-01-09008-00193","ALMADIES02_u3","RNC_RP","ALMADIES02","DK","Dakar","Almadies","Ngor","Almadies02_U3","Urbain","229828","1630262","dakarz2","Dakar III","-17,509259","14,732655","310","Ouakam-Ngor-Yoff"
"608-01-09017-00193","ALMADIES02_u3","RNC_RP","ALMADIES02","DK","Dakar","Almadies","Ngor","Almadies02_U3","Urbain","229828","1630262","dakarz2","Dakar III","-17,509259","14,732655","310","Ouakam-Ngor-Yoff"
"608-01-09017-23384","ALMADIES03_SC_h1","RNC_RP","ALMADIES03_SC","DK","Dakar","Almadies","Ngor","Almadies03_Sc_H1","Urbain","229670","1631075","dakarz2","Dakar III","-17,510809","14,739983","320","Ouakam-Ngor-Yoff"
"608-01-09017-23381","ALMADIES03_SC_u1","RNC_RP","ALMADIES03_SC","DK","Dakar","Almadies","Ngor","Almadies03_Sc_U1","Urbain","229670","1631075","dakarz2","Dakar III","-17,510809","14,739983","240","Ouakam-Ngor-Yoff"
"608-01-00116-01433","ALMADIES03_SONATEL_1","DAKAR_RP12","ALMADIES03_SONATEL","DK","Dakar","Almadies","Ngor","Almadies03_Sonatel_1","Urbain","229293","1631166","dakarz2","Dakar III","-17,514252","14,740722","40","Ouakam-Ngor-Yoff"
"608-01-00116-20827","ALMADIES03_SONATEL_1","DAKAR_RP12","ALMADIES03_SONATEL","DK","Dakar","Almadies","Ngor","Almadies03_Sonatel_1","Urbain","229293","1631166","dakarz2","Dakar III","-17,514252","14,740722","40","Ouakam-Ngor-Yoff"
"608-01-00116-01434","ALMADIES03_SONATEL_2","DAKAR_RP12","ALMADIES03_SONATEL","DK","Dakar","Almadies","Ngor","Almadies03_Sonatel_2","Urbain","229293","1631166","dakarz2","Dakar III","-17,514252","14,740722","170","Ouakam-Ngor-Yoff"
"608-01-00116-20828","ALMADIES03_SONATEL_2","DAKAR_RP12","ALMADIES03_SONATEL","DK","Dakar","Almadies","Ngor","Almadies03_Sonatel_2","Urbain","229293","1631166","dakarz2","Dakar III","-17,514252","14,740722","170","Ouakam-Ngor-Yoff"
"608-01-00116-01435","ALMADIES03_SONATEL_3","DAKAR_RP12","ALMADIES03_SONATEL","DK","Dakar","Almadies","Ngor","Almadies03_Sonatel_3","Urbain","229293","1631166","dakarz2","Dakar III","-17,514252","14,740722","290","Ouakam-Ngor-Yoff"
"608-01-00116-20829","ALMADIES03_SONATEL_3","DAKAR_RP12","ALMADIES03_SONATEL","DK","Dakar","Almadies","Ngor","Almadies03_Sonatel_3","Urbain","229293","1631166","dakarz2","Dakar III","-17,514252","14,740722","290","Ouakam-Ngor-Yoff"
"608-01-00116-01848","ALMADIES03_SONATEL_D1","DAKAR_RP12","ALMADIES03_SONATEL","DK","Dakar","Almadies","Ngor","Almadies03_Sonatel_D1","Urbain","229293","1631166","dakarz2","Dakar III","-17,514252","14,740722","40","Ouakam-Ngor-Yoff"
"608-01-00116-20830","ALMADIES03_SONATEL_D1","DAKAR_RP12","ALMADIES03_SONATEL","DK","Dakar","Almadies","Ngor","Almadies03_Sonatel_D1","Urbain","229293","1631166","dakarz2","Dakar III","-17,514252","14,740722","40","Ouakam-Ngor-Yoff"
"608-01-00116-01849","ALMADIES03_SONATEL_D2","DAKAR_RP12","ALMADIES03_SONATEL","DK","Dakar","Almadies","Ngor","Almadies03_Sonatel_D2","Urbain","229293","1631166","dakarz2","Dakar III","-17,514252","14,740722","170","Ouakam-Ngor-Yoff"
"608-01-00116-20831","ALMADIES03_SONATEL_D2","DAKAR_RP12","ALMADIES03_SONATEL","DK","Dakar","Almadies","Ngor","Almadies03_Sonatel_D2","Urbain","229293","1631166","dakarz2","Dakar III","-17,514252","14,740722","170","Ouakam-Ngor-Yoff"
"608-01-00116-01850","ALMADIES03_SONATEL_D3","DAKAR_RP12","ALMADIES03_SONATEL","DK","Dakar","Almadies","Ngor","Almadies03_Sonatel_D3","Urbain","229293","1631166","dakarz2","Dakar III","-17,514252","14,740722","290","Ouakam-Ngor-Yoff"
"608-01-00116-20832","ALMADIES03_SONATEL_D3","DAKAR_RP12","ALMADIES03_SONATEL","DK","Dakar","Almadies","Ngor","Almadies03_Sonatel_D3","Urbain","229293","1631166","dakarz2","Dakar III","-17,514252","14,740722","290","Ouakam-Ngor-Yoff"
"608-01-09001-00174","ALMADIES03_SONATEL_h1","DAKAR_RP12","ALMADIES03_SONATEL","DK","Dakar","Almadies","Ngor","Almadies03_Sonatel_H1","Urbain","229293","1631166","dakarz2","Dakar III","-17,514252","14,740722","40","Ouakam-Ngor-Yoff"
"608-01-09002-00174","ALMADIES03_SONATEL_h1","RNC_RP","ALMADIES03_SONATEL","DK","Dakar","Almadies","Ngor","Almadies03_Sonatel_H1","Urbain","229293","1631166","dakarz2","Dakar III","-17,514252","14,740722","40","Ouakam-Ngor-Yoff"
"608-01-09003-00174","ALMADIES03_SONATEL_h1","RNC_RP","ALMADIES03_SONATEL","DK","Dakar","Almadies","Ngor","Almadies03_Sonatel_H1","Urbain","229293","1631166","dakarz2","Dakar III","-17,514252","14,740722","40","Ouakam-Ngor-Yoff"
"608-01-09017-00174","ALMADIES03_SONATEL_h1","RNC_RP","ALMADIES03_SONATEL","DK","Dakar","Almadies","Ngor","Almadies03_Sonatel_H1","Urbain","229293","1631166","dakarz2","Dakar III","-17,514252","14,740722","40","Ouakam-Ngor-Yoff"
"608-01-09001-00175","ALMADIES03_SONATEL_h2","RNC_RP","ALMADIES03_SONATEL","DK","Dakar","Almadies","Ngor","Almadies03_Sonatel_H2","Urbain","229293","1631166","dakarz2","Dakar III","-17,514252","14,740722","170","Ouakam-Ngor-Yoff"
"608-01-09002-00175","ALMADIES03_SONATEL_h2","RNC_RP","ALMADIES03_SONATEL","DK","Dakar","Almadies","Ngor","Almadies03_Sonatel_H2","Urbain","229293","1631166","dakarz2","Dakar III","-17,514252","14,740722","170","Ouakam-Ngor-Yoff"
"608-01-09003-00175","ALMADIES03_SONATEL_h2","RNC_RP","ALMADIES03_SONATEL","DK","Dakar","Almadies","Ngor","Almadies03_Sonatel_H2","Urbain","229293","1631166","dakarz2","Dakar III","-17,514252","14,740722","170","Ouakam-Ngor-Yoff"
"608-01-09017-00175","ALMADIES03_SONATEL_h2","RNC_RP","ALMADIES03_SONATEL","DK","Dakar","Almadies","Ngor","Almadies03_Sonatel_H2","Urbain","229293","1631166","dakarz2","Dakar III","-17,514252","14,740722","170","Ouakam-Ngor-Yoff"
"608-01-09001-00176","ALMADIES03_SONATEL_h3","RNC_RP","ALMADIES03_SONATEL","DK","Dakar","Almadies","Ngor","Almadies03_Sonatel_H3","Urbain","229293","1631166","dakarz2","Dakar III","-17,514252","14,740722","290","Ouakam-Ngor-Yoff"
"608-01-09002-00176","ALMADIES03_SONATEL_h3","RNC_RP","ALMADIES03_SONATEL","DK","Dakar","Almadies","Ngor","Almadies03_Sonatel_H3","Urbain","229293","1631166","dakarz2","Dakar III","-17,514252","14,740722","290","Ouakam-Ngor-Yoff"
"608-01-09003-00176","ALMADIES03_SONATEL_h3","RNC_RP","ALMADIES03_SONATEL","DK","Dakar","Almadies","Ngor","Almadies03_Sonatel_H3","Urbain","229293","1631166","dakarz2","Dakar III","-17,514252","14,740722","290","Ouakam-Ngor-Yoff"
"608-01-09017-00176","ALMADIES03_SONATEL_h3","RNC_RP","ALMADIES03_SONATEL","DK","Dakar","Almadies","Ngor","Almadies03_Sonatel_H3","Urbain","229293","1631166","dakarz2","Dakar III","-17,514252","14,740722","290","Ouakam-Ngor-Yoff"
"608-01-09001-00177","ALMADIES03_SONATEL_h4","RNC_RP","ALMADIES03_SONATEL","DK","Dakar","Almadies","Ngor","Almadies03_Sonatel_H4","Urbain","229293","1631166","dakarz2","Dakar III","-17,514252","14,740722","40","Ouakam-Ngor-Yoff"
"608-01-09017-00177","ALMADIES03_SONATEL_h4","RNC_RP","ALMADIES03_SONATEL","DK","Dakar","Almadies","Ngor","Almadies03_Sonatel_H4","Urbain","229293","1631166","dakarz2","Dakar III","-17,514252","14,740722","40","Ouakam-Ngor-Yoff"
"608-01-09001-00178","ALMADIES03_SONATEL_h5","RNC_RP","ALMADIES03_SONATEL","DK","Dakar","Almadies","Ngor","Almadies03_Sonatel_H5","Urbain","229293","1631166","dakarz2","Dakar III","-17,514252","14,740722","170","Ouakam-Ngor-Yoff"
"608-01-09017-00178","ALMADIES03_SONATEL_h5","RNC_RP","ALMADIES03_SONATEL","DK","Dakar","Almadies","Ngor","Almadies03_Sonatel_H5","Urbain","229293","1631166","dakarz2","Dakar III","-17,514252","14,740722","170","Ouakam-Ngor-Yoff"
"608-01-09001-00179","ALMADIES03_SONATEL_h6","RNC_RP","ALMADIES03_SONATEL","DK","Dakar","Almadies","Ngor","Almadies03_Sonatel_H6","Urbain","229293","1631166","dakarz2","Dakar III","-17,514252","14,740722","290","Ouakam-Ngor-Yoff"
"608-01-09017-00179","ALMADIES03_SONATEL_h6","RNC_RP","ALMADIES03_SONATEL","DK","Dakar","Almadies","Ngor","Almadies03_Sonatel_H6","Urbain","229293","1631166","dakarz2","Dakar III","-17,514252","14,740722","290","Ouakam-Ngor-Yoff"
"608-01-09017-31271","ALMADIES03_SONATEL_R1","RNC_RP","ALMADIES03_SONATEL","DK","Dakar","Almadies","Ngor","Almadies03_Sonatel_R1","Urbain","229300","1631161","dakarz2","Dakar III","-17,514252","14,740722","40","Ouakam-Ngor-Yoff"
"608-01-09017-31272","ALMADIES03_SONATEL_R2","RNC_RP","ALMADIES03_SONATEL","DK","Dakar","Almadies","Ngor","Almadies03_Sonatel_R2","Urbain","229300","1631161","dakarz2","Dakar III","-17,514252","14,740722","170","Ouakam-Ngor-Yoff"
"608-01-09017-31273","ALMADIES03_SONATEL_R3","RNC_RP","ALMADIES03_SONATEL","DK","Dakar","Almadies","Ngor","Almadies03_Sonatel_R3","Urbain","229300","1631161","dakarz2","Dakar III","-17,514252","14,740722","290","Ouakam-Ngor-Yoff"
"608-01-09001-00171","ALMADIES03_SONATEL_u1","RNC_RP","ALMADIES03_SONATEL","DK","Dakar","Almadies","Ngor","Almadies03_Sonatel_U1","Urbain","229293","1631166","dakarz2","Dakar III","-17,514252","14,740722","40","Ouakam-Ngor-Yoff"
"608-01-09017-00171","ALMADIES03_SONATEL_u1","RNC_RP","ALMADIES03_SONATEL","DK","Dakar","Almadies","Ngor","Almadies03_Sonatel_U1","Urbain","229293","1631166","dakarz2","Dakar III","-17,514252","14,740722","40","Ouakam-Ngor-Yoff"
"608-01-09001-00172","ALMADIES03_SONATEL_u2","RNC_RP","ALMADIES03_SONATEL","DK","Dakar","Almadies","Ngor","Almadies03_Sonatel_U2","Urbain","229293","1631166","dakarz2","Dakar III","-17,514252","14,740722","170","Ouakam-Ngor-Yoff"
"608-01-09017-00172","ALMADIES03_SONATEL_u2","RNC_RP","ALMADIES03_SONATEL","DK","Dakar","Almadies","Ngor","Almadies03_Sonatel_U2","Urbain","229293","1631166","dakarz2","Dakar III","-17,514252","14,740722","170","Ouakam-Ngor-Yoff"
"608-01-09001-00173","ALMADIES03_SONATEL_u3","RNC_RP","ALMADIES03_SONATEL","DK","Dakar","Almadies","Ngor","Almadies03_Sonatel_U3","Urbain","229293","1631166","dakarz2","Dakar III","-17,514252","14,740722","290","Ouakam-Ngor-Yoff"
"608-01-09017-00173","ALMADIES03_SONATEL_u3","RNC_RP","ALMADIES03_SONATEL","DK","Dakar","Almadies","Ngor","Almadies03_Sonatel_U3","Urbain","229293","1631166","dakarz2","Dakar III","-17,514252","14,740722","290","Ouakam-Ngor-Yoff"
"608-01-00116-12115","ALMADIES04_RESIDENCE_1","DAKAR_RP12","ALMADIES04_RESIDENCE","DK","Dakar","Almadies","Ngor","Almadies04_Residence_1","Urbain","229293","1631166","dakarz2","Dakar III","-17,515861","14,745836","60","Ouakam-Ngor-Yoff"
"608-01-00116-20833","ALMADIES04_RESIDENCE_1","DAKAR_RP12","ALMADIES04_RESIDENCE","DK","Dakar","Almadies","Ngor","Almadies04_Residence_1","Urbain","229293","1631166","dakarz2","Dakar III","-17,515861","14,745836","60","Ouakam-Ngor-Yoff"
"608-01-00116-12116","ALMADIES04_RESIDENCE_2","DAKAR_RP12","ALMADIES04_RESIDENCE","DK","Dakar","Almadies","Ngor","Almadies04_Residence_2","Urbain","229293","1631166","dakarz2","Dakar III","-17,515861","14,745836","200","Ouakam-Ngor-Yoff"
"608-01-00116-20834","ALMADIES04_RESIDENCE_2","DAKAR_RP12","ALMADIES04_RESIDENCE","DK","Dakar","Almadies","Ngor","Almadies04_Residence_2","Urbain","229293","1631166","dakarz2","Dakar III","-17,515861","14,745836","200","Ouakam-Ngor-Yoff"
"608-01-00116-12117","ALMADIES04_RESIDENCE_3","DAKAR_RP12","ALMADIES04_RESIDENCE","DK","Dakar","Almadies","Ngor","Almadies04_Residence_3","Urbain","229293","1631166","dakarz2","Dakar III","-17,515861","14,745836","285","Ouakam-Ngor-Yoff"
"608-01-00116-20835","ALMADIES04_RESIDENCE_3","DAKAR_RP12","ALMADIES04_RESIDENCE","DK","Dakar","Almadies","Ngor","Almadies04_Residence_3","Urbain","229293","1631166","dakarz2","Dakar III","-17,515861","14,745836","285","Ouakam-Ngor-Yoff"
"608-01-00116-12118","ALMADIES04_RESIDENCE_D1","DAKAR_RP12","ALMADIES04_RESIDENCE","DK","Dakar","Almadies","Ngor","Almadies04_Residence_D1","Urbain","229293","1631166","dakarz2","Dakar III","-17,515861","14,745836","60","Ouakam-Ngor-Yoff"
"608-01-00116-20836","ALMADIES04_RESIDENCE_D1","DAKAR_RP12","ALMADIES04_RESIDENCE","DK","Dakar","Almadies","Ngor","Almadies04_Residence_D1","Urbain","229293","1631166","dakarz2","Dakar III","-17,515861","14,745836","60","Ouakam-Ngor-Yoff"
"608-01-00116-12119","ALMADIES04_RESIDENCE_D2","DAKAR_RP12","ALMADIES04_RESIDENCE","DK","Dakar","Almadies","Ngor","Almadies04_Residence_D2","Urbain","229293","1631166","dakarz2","Dakar III","-17,515861","14,745836","200","Ouakam-Ngor-Yoff"
"608-01-00116-20837","ALMADIES04_RESIDENCE_D2","DAKAR_RP12","ALMADIES04_RESIDENCE","DK","Dakar","Almadies","Ngor","Almadies04_Residence_D2","Urbain","229293","1631166","dakarz2","Dakar III","-17,515861","14,745836","200","Ouakam-Ngor-Yoff"
"608-01-00116-12120","ALMADIES04_RESIDENCE_D3","DAKAR_RP12","ALMADIES04_RESIDENCE","DK","Dakar","Almadies","Ngor","Almadies04_Residence_D3","Urbain","229293","1631166","dakarz2","Dakar III","-17,515861","14,745836","285","Ouakam-Ngor-Yoff"
"608-01-00116-20838","ALMADIES04_RESIDENCE_D3","DAKAR_RP12","ALMADIES04_RESIDENCE","DK","Dakar","Almadies","Ngor","Almadies04_Residence_D3","Urbain","229293","1631166","dakarz2","Dakar III","-17,515861","14,745836","285","Ouakam-Ngor-Yoff"
"608-01-09017-38891","ALMADIES04_RESIDENCE_h7","","ALMADIES04_RESIDENCE","DK","Dakar","Almadies","Ngor","Almadies04_Residence_H7","Urbain","229133","1631729","dakarz2","Dakar III","-17,515861","14,745836","70","Ouakam-Ngor-Yoff"
"608-01-09017-38892","ALMADIES04_RESIDENCE_h8","RNC_RP","ALMADIES04_RESIDENCE","DK","Dakar","Almadies","Ngor","Almadies04_Residence_H8","Urbain","229133","1631729","dakarZ2","Dakar III","-17,5158613","14,74583582","270","Ouakam-Ngor-Yoff"
"608-01-09017-38893","ALMADIES04_RESIDENCE_h9","RNC_RP","ALMADIES04_RESIDENCE","DK","Dakar","Almadies","Ngor","Almadies04_Residence_H9","Urbain","229133","1631729","dakarZ2","Dakar III","-17,5158613","14,74583582","200","Ouakam-Ngor-Yoff"
"608-01-09017-32201","ALMADIES04_RESIDENCE_R1","RNC_RP","ALMADIES04_RESIDENCE","DK","Dakar","Almadies","Ngor","Almadies04_Residence_R1","Urbain","229133","1631729","dakarz2","Dakar III","-17,515861","14,745836","60","Ouakam-Ngor-Yoff"
"608-01-09017-32202","ALMADIES04_RESIDENCE_R2","RNC_RP","ALMADIES04_RESIDENCE","DK","Dakar","Almadies","Ngor","Almadies04_Residence_R2","Urbain","229133","1631729","dakarz2","Dakar III","-17,515861","14,745836","200","Ouakam-Ngor-Yoff"
"608-01-09017-32203","ALMADIES04_RESIDENCE_R3","RNC_RP","ALMADIES04_RESIDENCE","DK","Dakar","Almadies","Ngor","Almadies04_Residence_R3","Urbain","229133","1631729","dakarz2","Dakar III","-17,515861","14,745836","285","Ouakam-Ngor-Yoff"
"608-01-09001-09584","ALMADIES04_SONATEL_h1","RNC_RP","ALMADIES04_SONATEL","DK","Dakar","Almadies","Ngor","Almadies04_Sonatel_H1","Urbain","229133","1631729","dakarz2","Dakar III","-17,5158613","14,74583582","285","Ouakam-Ngor-Yoff"
"608-01-09017-09584","ALMADIES04_SONATEL_h1","RNC_RP","ALMADIES04_SONATEL","DK","Dakar","Almadies","Ngor","Almadies04_Sonatel_H1","Urbain","229133","1631729","dakarz2","Dakar III","-17,5158613","14,74583582","50","Ouakam-Ngor-Yoff"
"608-01-09001-09585","ALMADIES04_SONATEL_h2","RNC_RP","ALMADIES04_SONATEL","DK","Dakar","Almadies","Ngor","Almadies04_Sonatel_H2","Urbain","229133","1631729","dakarz2","Dakar III","-17,5158613","14,74583582","50","Ouakam-Ngor-Yoff"
"608-01-09017-09585","ALMADIES04_SONATEL_h2","RNC_RP","ALMADIES04_SONATEL","DK","Dakar","Almadies","Ngor","Almadies04_Sonatel_H2","Urbain","229133","1631729","dakarz2","Dakar III","-17,5158613","14,74583582","50","Ouakam-Ngor-Yoff"
"608-01-09001-09586","ALMADIES04_SONATEL_h3","RNC_RP","ALMADIES04_SONATEL","DK","Dakar","Almadies","Ngor","Almadies04_Sonatel_H3","Urbain","229133","1631729","dakarz2","Dakar III","-17,5158613","14,74583582","50","Ouakam-Ngor-Yoff"
"608-01-09017-09586","ALMADIES04_SONATEL_h3","RNC_RP","ALMADIES04_SONATEL","DK","Dakar","Almadies","Ngor","Almadies04_Sonatel_H3","Urbain","229133","1631729","dakarz2","Dakar III","-17,5158613","14,74583582","170","Ouakam-Ngor-Yoff"
"608-01-09001-09587","ALMADIES04_SONATEL_h4","RNC_RP","ALMADIES04_SONATEL","DK","Dakar","Almadies","Ngor","Almadies04_Sonatel_H4","Urbain","229133","1631729","dakarz2","Dakar III","-17,5158613","14,74583582","170","Ouakam-Ngor-Yoff"
"608-01-09017-09587","ALMADIES04_SONATEL_h4","RNC_RP","ALMADIES04_SONATEL","DK","Dakar","Almadies","Ngor","Almadies04_Sonatel_H4","Urbain","229133","1631729","dakarz2","Dakar III","-17,5158613","14,74583582","50","Ouakam-Ngor-Yoff"
"608-01-09001-09588","ALMADIES04_SONATEL_h5","RNC_RP","ALMADIES04_SONATEL","DK","Dakar","Almadies","Ngor","Almadies04_Sonatel_H5","Urbain","229133","1631729","dakarz2","Dakar III","-17,5158613","14,74583582","50","Ouakam-Ngor-Yoff"
"608-01-09017-09588","ALMADIES04_SONATEL_h5","RNC_RP","ALMADIES04_SONATEL","DK","Dakar","Almadies","Ngor","Almadies04_Sonatel_H5","Urbain","229133","1631729","dakarz2","Dakar III","-17,5158613","14,74583582","50","Ouakam-Ngor-Yoff"
"608-01-09001-09589","ALMADIES04_SONATEL_h6","RNC_RP","ALMADIES04_SONATEL","DK","Dakar","Almadies","Ngor","Almadies04_Sonatel_H6","Urbain","229133","1631729","dakarz2","Dakar III","-17,5158613","14,74583582","50","Ouakam-Ngor-Yoff"
"608-01-09017-09589","ALMADIES04_SONATEL_h6","RNC_RP","ALMADIES04_SONATEL","DK","Dakar","Almadies","Ngor","Almadies04_Sonatel_H6","Urbain","229133","1631729","dakarz2","Dakar III","-17,5158613","14,74583582","170","Ouakam-Ngor-Yoff"
"608-01-09001-09581","ALMADIES04_SONATEL_u1","RNC_RP","ALMADIES04_SONATEL","DK","Dakar","Almadies","Ngor","Almadies04_Sonatel_U1","Urbain","229133","1631729","dakarz2","Dakar III","-17,5158613","14,74583582","170","Ouakam-Ngor-Yoff"
"608-01-09017-09581","ALMADIES04_SONATEL_u1","RNC_RP","ALMADIES04_SONATEL","DK","Dakar","Almadies","Ngor","Almadies04_Sonatel_U1","Urbain","229133","1631729","dakarz2","Dakar III","-17,5158613","14,74583582","50","Ouakam-Ngor-Yoff"
"608-01-09001-09582","ALMADIES04_SONATEL_u2","RNC_RP","ALMADIES04_SONATEL","DK","Dakar","Almadies","Ngor","Almadies04_Sonatel_U2","Urbain","229133","1631729","dakarz2","Dakar III","-17,5158613","14,74583582","50","Ouakam-Ngor-Yoff"
"608-01-09017-09582","ALMADIES04_SONATEL_u2","RNC_RP","ALMADIES04_SONATEL","DK","Dakar","Almadies","Ngor","Almadies04_Sonatel_U2","Urbain","229133","1631729","dakarz2","Dakar III","-17,5158613","14,74583582","50","Ouakam-Ngor-Yoff"
"608-01-09001-09583","ALMADIES04_SONATEL_u3","RNC_RP","ALMADIES04_SONATEL","DK","Dakar","Almadies","Ngor","Almadies04_Sonatel_U3","Urbain","229133","1631729","dakarz2","Dakar III","-17,5158613","14,74583582","50","Ouakam-Ngor-Yoff"
"608-01-09017-09583","ALMADIES04_SONATEL_u3","RNC_RP","ALMADIES04_SONATEL","DK","Dakar","Almadies","Ngor","Almadies04_Sonatel_U3","Urbain","229133","1631729","dakarz2","Dakar III","-17,5158613","14,74583582","170","Ouakam-Ngor-Yoff"
"608-01-00116-06025","ALMADIES05_TERRAIN_1","RNC_RP","ALMADIES05_TERRAIN","DK","Dakar","Almadies","Ngor","Almadies05_Terrain_1","Urbain","229865","1631206","dakarz2","Dakar III","-17,509013","14,741186","30","Ouakam-Ngor-Yoff"
"608-01-00116-20839","ALMADIES05_TERRAIN_1","RNC_RP","ALMADIES05_TERRAIN","DK","Dakar","Almadies","Ngor","Almadies05_Terrain_1","Urbain","229865","1631206","dakarz2","Dakar III","-17,509013","14,741186","30","Ouakam-Ngor-Yoff"
"608-01-00116-06026","ALMADIES05_TERRAIN_2","RNC_RP","ALMADIES05_TERRAIN","DK","Dakar","Almadies","Ngor","Almadies05_Terrain_2","Urbain","229865","1631206","dakarz2","Dakar III","-17,509013","14,741186","200","Ouakam-Ngor-Yoff"
"608-01-00116-20840","ALMADIES05_TERRAIN_2","RNC_RP","ALMADIES05_TERRAIN","DK","Dakar","Almadies","Ngor","Almadies05_Terrain_2","Urbain","229865","1631206","dakarz2","Dakar III","-17,509013","14,741186","200","Ouakam-Ngor-Yoff"
"608-01-00116-06027","ALMADIES05_TERRAIN_3","RNC_RP","ALMADIES05_TERRAIN","DK","Dakar","Almadies","Ngor","Almadies05_Terrain_3","Urbain","229865","1631206","dakarz2","Dakar III","-17,509013","14,741186","290","Ouakam-Ngor-Yoff"
